﻿pos_x,pos_y,rotation,side,designator,mpn,pack,value,mount_type,place
149.270323,-127.508,180.0,top,C1,,CP_Radial_D10.0mm_P5.00mm,330uF,tht,True
107.95,-130.07,180.0,bottom,C10,,C_0603_1608Metric,0.1uF,smt,True
154.064,-133.4008,180.0,bottom,C11,,C_0603_1608Metric,0.1uF,smt,True
149.352,-139.446,180.0,top,C2,,CP_Radial_D10.0mm_P5.00mm,330uF,tht,True
133.109,-85.6488,0.0,bottom,C3,,C_0603_1608Metric,0.1uF,smt,True
138.3826,-87.7631,180.0,bottom,C4,,C_0603_1608Metric,0.1uF,smt,True
129.5908,-90.4624,90.0,bottom,C5,,C_0603_1608Metric,0.1uF,smt,True
115.57,-93.726,180.0,bottom,C6,,C_0603_1608Metric,0.002uF,smt,True
127.2286,-112.2182,180.0,bottom,C7,,C_0603_1608Metric,0.1uF,smt,True
127.2416,-119.0762,0.0,bottom,C8,,C_0603_1608Metric,0.1uF,smt,True
107.95,-127.392,180.0,bottom,C9,,C_0603_1608Metric,1uF,smt,True
122.832,-98.698,0.0,bottom,D1,,Diode_1N4148WS,1N4148WS,smt,True
123.698,-68.326,0.0,top,J1,,PinSocket_2x03_P2.54mm_Vertical,Conn_02x03_Top_Bottom,tht,True
137.399,-68.58,-90.0,top,J2,,PinHeader_1x03_P2.54mm_Vertical,Conn_01x03_Pin,tht,True
166.0825,-108.195,90.0,top,J3,,Terminal_Strip_4_Pin,Screw_Terminal_01x04,tht,True
167.95,-126.746,-90.0,top,J4,,DIN_5_PIN,DIN-5,tht,True
123.698,-137.16,0.0,top,J5,,PinSocket_2x03_P2.54mm_Vertical,Conn_02x03_Top_Bottom,tht,True
138.4326,-83.9531,0.0,bottom,R1,,R_0603_1608Metric,187K,smt,True
111.4044,-80.5434,0.0,bottom,R10A1,,R_0603_1608Metric,20K,smt,True
111.4684,-83.2866,180.0,bottom,R10B1,,R_0603_1608Metric,20k,smt,True
109.982,-94.933,90.0,bottom,R11,,R_0603_1608Metric,20K,smt,True
131.1402,-95.504,90.0,bottom,R12,,R_0603_1608Metric,10K,smt,True
129.6162,-95.504,-90.0,bottom,R13,,R_0603_1608Metric,10K,smt,True
127.762,-95.504,-90.0,bottom,R14,,R_0603_1608Metric,1M,smt,True
116.332,-96.329,-90.0,bottom,R15,,R_0603_1608Metric,110K,smt,True
132.3976,-101.9495,90.0,bottom,R16,,R_0603_1608Metric,80.6K,smt,True
113.6772,-105.7402,180.0,bottom,R17,,R_0603_1608Metric,10K,smt,True
113.7158,-107.4674,0.0,bottom,R18,,R_0603_1608Metric,22K,smt,True
132.3086,-110.9472,-90.0,bottom,R19,,R_0603_1608Metric,10K,smt,True
138.43,-85.810475,0.0,bottom,R2,,R_0603_1608Metric,25.5K,smt,True
127.2286,-110.6942,180.0,bottom,R20,,R_0603_1608Metric,80.6K,smt,True
132.3086,-114.7572,-90.0,bottom,R21,,R_0603_1608Metric,10K,smt,True
129.3236,-115.5202,0.0,bottom,R22,,R_0603_1608Metric,1M,smt,True
127.2408,-113.792,180.0,bottom,R23,,R_0603_1608Metric,10K,smt,True
129.3236,-117.094,180.0,bottom,R24,,R_0603_1608Metric,16.2K,smt,True
126.492,-116.2944,-90.0,bottom,R25,,R_0603_1608Metric,3.65K,smt,True
121.095,-122.682,0.0,bottom,R26,,R_0603_1608Metric,10K,smt,True
108.013,-122.036,180.0,bottom,R27,,R_0603_1608Metric,10K,smt,True
121.095,-125.36,180.0,bottom,R28,,R_0603_1608Metric,10K,smt,True
108.013,-124.714,180.0,bottom,R29,,R_0603_1608Metric,10K,smt,True
133.096,-87.4268,0.0,bottom,R3,,R_0603_1608Metric,10K,smt,True
121.095,-128.038,180.0,bottom,R30,,R_0603_1608Metric,3.9M,smt,True
130.048,-86.4738,90.0,bottom,R4,,R_0603_1608Metric,1.82K,smt,True
114.808,-86.868,180.0,bottom,R5,,R_0603_1608Metric,80.6K,smt,True
134.937,-91.694,180.0,bottom,R6,,R_0603_1608Metric,4.7K,smt,True
131.3688,-90.4624,-90.0,bottom,R7,,R_0603_1608Metric,80.6K,smt,True
134.937,-93.472,0.0,bottom,R8,,R_0603_1608Metric,22K,smt,True
130.365,-93.0148,0.0,bottom,R9,,R_0603_1608Metric,4.7K,smt,True
146.558,-104.14,0.0,top,RV1,,Potentiometer_Bourns_3386P_Vertical,20K POT,tht,True
146.573,-116.586,0.0,top,RV2,,Potentiometer_Bourns_3386P_Vertical,20K POT,tht,True
144.78,-71.882,0.0,top,SW1,,SW_DIP_SPSTx04_Slide_9.78x12.34mm_W7.62mm_P2.54mm,SW_DIP_x04,tht,True
136.144,-80.01,0.0,top,TP1,,TestPoint_Loop_D2.54mm_Drill1.5mm_Beaded,.55 Vdc,tht,True
136.398,-122.682,0.0,top,TP2,,TestPoint_Loop_D2.54mm_Drill1.5mm_Beaded,.75 Vdc,tht,True
121.158,-91.948,180.0,bottom,U1,,SOIC-14_3.9x8.7mm_P1.27mm,LM324DR,smt,True
120.142,-111.252,180.0,bottom,U2,,SOIC-14_3.9x8.7mm_P1.27mm,LM324DR,smt,True
114.554,-127.254,180.0,bottom,U3,,DGS0010A_N,ADS1015IDGSR,smt,True
