﻿designator,quantity,value,pack,mpn,mount_type
"C1, C2",2,330uF,CP_Radial_D10.0mm_P5.00mm,,tht
"C10, C11, C3, C4, C5, C7, C8",7,0.1uF,C_0603_1608Metric,,smt
C6,1,0.002uF,C_0603_1608Metric,,smt
C9,1,1uF,C_0603_1608Metric,,smt
D1,1,1N4148WS,Diode_1N4148WS,,smt
"J1, J5",2,Conn_02x03_Top_Bottom,PinSocket_2x03_P2.54mm_Vertical,,tht
J2,1,Conn_01x03_Pin,PinHeader_1x03_P2.54mm_Vertical,,tht
J3,1,Screw_Terminal_01x04,Terminal_Strip_4_Pin,,tht
J4,1,DIN-5,DIN_5_PIN,,tht
R1,1,187K,R_0603_1608Metric,,smt
"R10A1, R11",2,20K,R_0603_1608Metric,,smt
R10B1,1,20k,R_0603_1608Metric,,smt
"R12, R13, R17, R19, R21, R23, R26, R27, R28, R29, R3",11,10K,R_0603_1608Metric,,smt
"R14, R22",2,1M,R_0603_1608Metric,,smt
R15,1,110K,R_0603_1608Metric,,smt
"R16, R20, R5, R7",4,80.6K,R_0603_1608Metric,,smt
"R18, R8",2,22K,R_0603_1608Metric,,smt
R2,1,25.5K,R_0603_1608Metric,,smt
R24,1,16.2K,R_0603_1608Metric,,smt
R25,1,3.65K,R_0603_1608Metric,,smt
R30,1,3.9M,R_0603_1608Metric,,smt
R4,1,1.82K,R_0603_1608Metric,,smt
"R6, R9",2,4.7K,R_0603_1608Metric,,smt
"RV1, RV2",2,20K POT,Potentiometer_Bourns_3386P_Vertical,,tht
SW1,1,SW_DIP_x04,SW_DIP_SPSTx04_Slide_9.78x12.34mm_W7.62mm_P2.54mm,,tht
TP1,1,.55 Vdc,TestPoint_Loop_D2.54mm_Drill1.5mm_Beaded,,tht
TP2,1,.75 Vdc,TestPoint_Loop_D2.54mm_Drill1.5mm_Beaded,,tht
"U1, U2",2,LM324DR,SOIC-14_3.9x8.7mm_P1.27mm,,smt
U3,1,ADS1015IDGSR,DGS0010A_N,,smt
